🖼️ Upload Image,Source Language,Target Language,Prompt,🧠 API Response,timestamp
.gradio\flagged\ Upload Image\c2a76cf2a42fa7ac5dfc\021.jpeg,english,english,Oral lesions ,"{""error"": ""('Connection aborted.', ConnectionResetError(10054, 'An existing connection was forcibly closed by the remote host', None, 10054, None))""}",2025-05-24 17:57:34.715409
.gradio\flagged\ Upload Image\4086e08266bc435e290d\002.jpeg,kannada,english,Oral lesions ,"{""error"": ""('Connection aborted.', ConnectionResetError(10054, 'An existing connection was forcibly closed by the remote host', None, 10054, None))""}",2025-05-24 17:59:05.224682
.gradio\flagged\ Upload Image\c7dd5f46066af3db2681\044.jpeg,kannada,english,Oral lesions ,"{""error"": ""('Connection aborted.', ConnectionResetError(10054, 'An existing connection was forcibly closed by the remote host', None, 10054, None))""}",2025-05-24 18:00:20.265581
.gradio\flagged\ Upload Image\2f40c3885c5e399ebec6\044.jpeg,kannada,english,Check the problem,"{""error"": ""('Connection aborted.', ConnectionResetError(10054, 'An existing connection was forcibly closed by the remote host', None, 10054, None))""}",2025-05-24 18:01:09.809615
.gradio\flagged\ Upload Image\93272d3979bcc4262e55\001.jpeg,english,kannada,check this image,"{""error"": ""('Connection aborted.', ConnectionResetError(10054, 'An existing connection was forcibly closed by the remote host', None, 10054, None))""}",2025-05-24 18:22:25.735872
.gradio\flagged\ Upload Image\36d8563d3106c98a7f32\001.jpeg,english,kannada,check this image,"{""error"": ""('Connection aborted.', ConnectionResetError(10054, 'An existing connection was forcibly closed by the remote host', None, 10054, None))""}",2025-05-24 18:22:52.560416
.gradio\flagged\ Upload Image\424e93b21b70af389a86\006.jpeg,english,kannada,What disease i have ? ,"{""error"": ""('Connection aborted.', ConnectionResetError(10054, 'An existing connection was forcibly closed by the remote host', None, 10054, None))""}",2025-05-24 18:38:19.079898
.gradio\flagged\ Upload Image\5bee6775375c1790940c\006.jpeg,english,kannada,what disease i have ?,"{""answer"": ""\u0ca8\u0cbe\u0cb2\u0cbf\u0c97\u0cc6\u0caf \u0cae\u0cc7\u0cb2\u0cc6 \u0c95\u0cc6\u0c82\u0caa\u0cc1 \u0cae\u0ca4\u0ccd\u0ca4\u0cc1 \u0c89\u0cb0\u0cbf\u0caf\u0cc2\u0ca4\u0ca6\u0cca\u0c82\u0ca6\u0cbf\u0c97\u0cc6 \u0cac\u0cc6\u0cb3\u0cc6\u0ca6, \u0cac\u0cbf\u0cb3\u0cbf\u0caf \u0c97\u0cbe\u0caf\u0ca6 \u0c9a\u0cbf\u0ca4\u0ccd\u0cb0\u0ca6 \u0cb5\u0cbf\u0cb5\u0cb0\u0ca3\u0cc6\u0caf \u0c86\u0ca7\u0cbe\u0cb0\u0ca6 \u0cae\u0cc7\u0cb2\u0cc6, \u0c87\u0ca6\u0cc1 * \u0cac\u0cbe\u0caf\u0cbf\u0caf \u0ca5\u0ccd\u0cb0\u0cb7\u0ccd, \u0c95\u0cb2\u0ccd\u0cb2\u0cc1\u0cb9\u0cc2\u0cb5\u0cc1 \u0caa\u0ccd\u0cb2\u0ccd\u0caf\u0cbe\u0ca8\u0cb8\u0ccd \u0c85\u0ca5\u0cb5\u0cbe \u0cac\u0cbe\u0caf\u0cbf\u0caf \u0c95\u0ccd\u0caf\u0cbe\u0ca8\u0ccd\u0cb8\u0cb0\u0ccd\u0ca8 \u0c86\u0cb0\u0c82\u0cad\u0cbf\u0c95 \u0cb9\u0c82\u0ca4\u0ca6 \u0cb8\u0c82\u0c95\u0cc7\u0ca4\u0cb5\u0cbe\u0c97\u0cbf\u0cb0\u0cac\u0cb9\u0cc1\u0ca6\u0cc1, \u0c86\u0ca6\u0cb0\u0cc6 \u0cb8\u0cb0\u0cbf\u0caf\u0cbe\u0ca6 \u0cb0\u0ccb\u0c97\u0ca8\u0cbf\u0cb0\u0ccd\u0ca3\u0caf\u0c95\u0ccd\u0c95\u0cc6 \u0c86\u0cb0\u0ccb\u0c97\u0ccd\u0caf \u0cb5\u0cc3\u0ca4\u0ccd\u0ca4\u0cbf\u0caa\u0cb0\u0cb0\u0cbf\u0c82\u0ca6 \u0caa\u0cb0\u0cc0\u0c95\u0ccd\u0cb7\u0cc6\u0caf \u0c85\u0c97\u0ca4\u0ccd\u0caf\u0cb5\u0cbf\u0cb0\u0cc1\u0ca4\u0ccd\u0ca4\u0ca6\u0cc6. * * \u0cb9\u0c95\u0ccd\u0c95\u0cc1\u0ca4\u0ccd\u0caf\u0cbe\u0c97\u0c83 * * \u0ca8\u0cbe\u0ca8\u0cc1 AI \u0c86\u0c97\u0cbf\u0ca6\u0ccd\u0ca6\u0cc7\u0ca8\u0cc6 \u0cae\u0ca4\u0ccd\u0ca4\u0cc1 \u0cb5\u0cc8\u0ca6\u0ccd\u0caf\u0c95\u0cc0\u0caf \u0cb0\u0ccb\u0c97\u0ca8\u0cbf\u0cb0\u0ccd\u0ca3\u0caf\u0cb5\u0ca8\u0ccd\u0ca8\u0cc1 \u0c92\u0ca6\u0c97\u0cbf\u0cb8\u0cb2\u0cc1 \u0cb8\u0cbe\u0ca7\u0ccd\u0caf\u0cb5\u0cbf\u0cb2\u0ccd\u0cb2; \u0c88 \u0cae\u0cbe\u0cb9\u0cbf\u0ca4\u0cbf\u0caf\u0cc1 \u0cb5\u0cc3\u0ca4\u0ccd\u0ca4\u0cbf\u0caa\u0cb0 \u0cb5\u0cc8\u0ca6\u0ccd\u0caf\u0c95\u0cc0\u0caf \u0cb8\u0cb2\u0cb9\u0cc6\u0c97\u0cc6 \u0cac\u0ca6\u0cb2\u0cbf\u0caf\u0cbe\u0c97\u0cbf\u0cb2\u0ccd\u0cb2.""}",2025-05-25 12:02:39.662827
